Company Name,Industry,ISIN Code,NSE Ticker,BSE Ticker
3M India Ltd.,Diversified,INE470A01017,3MINDIA.NS,523395
ABB India Ltd.,Capital Goods,INE117A01022,ABB.NS,500002
ACC Ltd.,Construction Materials,INE012A01025,ACC.NS,500410
AIA Engineering Ltd.,Capital Goods,INE212H01026,AIAENG.NS,532683
APL Apollo Tubes Ltd.,Capital Goods,INE702C01027,APLAPOLLO.NS,533758
AU Small Finance Bank Ltd.,Financial Services,INE949L01017,AUBANK.NS,540611
Aarti Drugs Ltd.,Healthcare,INE767A01016,AARTIDRUGS.NS,524348
Aavas Financiers Ltd.,Financial Services,INE216P01012,AAVAS.NS,541988
Abbott India Ltd.,Healthcare,INE358A01014,ABBOTINDIA.NS,500488
Adani Enterprises Ltd.,Metals & Mining,INE423A01024,ADANIENT.NS,512599
Adani Green Energy Ltd.,Power,INE364U01010,ADANIGREEN.NS,541450
Adani Ports and Special Economic Zone Ltd.,Services,INE742F01042,ADANIPORTS.NS,532921
Adani Total Gas Ltd.,Oil Gas & Consumable Fuels,INE399L01023,ATGL.NS,542066
Adani Transmission Ltd.,Power,INE931S01010,ADANITRANS.NS,539254
Aditya Birla Capital Ltd.,Financial Services,INE674K01013,ABCAPITAL.NS,540691
Aditya Birla Fashion and Retail Ltd.,Consumer Services,INE647O01011,ABFRL.NS,535755
Aditya Birla Sun Life AMC Ltd.,Financial Services,INE404A01024,ABSLAMC.NS,543374
Advanced Enzyme Tech Ltd.,Fast Moving Consumer Goods,INE837H01020,ADVENZYMES.NS,540025
Aegis Logistics Ltd.,Oil Gas & Consumable Fuels,INE208C01025,AEGISCHEM.NS,500003
Affle (India) Ltd.,Information Technology,INE00WC01027,AFFLE.NS,542752
Ajanta Pharmaceuticals Ltd.,Healthcare,INE031B01049,AJANTPHARM.NS,532331
Alembic Pharmaceuticals Ltd.,Healthcare,INE901L01018,APLLTD.NS,533573
Alkem Laboratories Ltd.,Healthcare,INE540L01014,ALKEM.NS,539523
Alkyl Amines Chemicals Ltd.,Chemicals,INE150B01039,ALKYLAMINE.NS,506767
Allcargo Logistics Ltd.,Services,INE418H01029,ALLCARGO.NS,532749
Alok Industries Ltd.,Textiles,INE270A01029,ALOKINDS.NS,521070
Amara Raja Batteries Ltd.,Automobile and Auto Components,INE885A01032,AMARAJABAT.NS,500008
Amber Enterprises India Ltd.,Consumer Durables,INE371P01015,AMBER.NS,540902
Ambuja Cements Ltd.,Construction Materials,INE079A01024,AMBUJACEM.NS,500425
Angel One Ltd.,Financial Services,INE732I01013,ANGELONE.NS,543235
Anupam Rasayan India Ltd.,Chemicals,INE930P01018,ANURAS.NS,543275
Apollo Hospitals Enterprise Ltd.,Healthcare,INE437A01024,APOLLOHOSP.NS,508869
Apollo Tyres Ltd.,Automobile and Auto Components,INE438A01022,APOLLOTYRE.NS,500877
Aptus Value Housing Finance India Ltd.,Financial Services,INE852O01025,APTUS.NS,543335
Asahi India Glass Ltd.,Automobile and Auto Components,INE439A01020,ASAHIINDIA.NS,515030
Ashok Leyland Ltd.,Capital Goods,INE208A01029,ASHOKLEY.NS,500477
Asian Paints Ltd.,Consumer Durables,INE021A01026,ASIANPAINT.NS,500820
Aster DM Healthcare Ltd.,Healthcare,INE914M01019,ASTERDM.NS,540975
AstraZenca Pharma India Ltd.,Healthcare,INE203A01020,ASTRAZEN.NS,506820
Astral Ltd.,Capital Goods,INE006I01046,ASTRAL.NS,532830
Atul Ltd.,Chemicals,INE100A01010,ATUL.NS,500027
Aurobindo Pharma Ltd.,Healthcare,INE406A01037,AUROPHARMA.NS,524804
Avanti Feeds Ltd.,Fast Moving Consumer Goods,INE871C01038,AVANTIFEED.NS,512573
Avenue Supermarts Ltd.,Consumer Services,INE192R01011,DMART.NS,540376
Axis Bank Ltd.,Financial Services,INE238A01034,AXISBANK.NS,532215
BASF India Ltd.,Chemicals,INE373A01013,BASF.NS,500042
BSE Ltd.,Financial Services,INE118H01025,BSE.NS,BSE
Bajaj Auto Ltd.,Automobile and Auto Components,INE917I01010,BAJAJ-AUTO.NS,532977
Bajaj Electricals Ltd,Consumer Durables,INE193E01025,BAJAJELEC.NS,500031
Bajaj Finance Ltd.,Financial Services,INE296A01024,BAJFINANCE.NS,500034
Bajaj Finserv Ltd.,Financial Services,INE918I01018,BAJAJFINSV.NS,532978
Bajaj Holdings & Investment Ltd.,Financial Services,INE118A01012,BAJAJHLDNG.NS,500490
Balaji Amines Ltd.,Chemicals,INE050E01027,BALAMINES.NS,530999
Balkrishna Industries Ltd.,Automobile and Auto Components,INE787D01026,BALKRISIND.NS,502355
Balrampur Chini Mills Ltd.,Fast Moving Consumer Goods,INE119A01028,BALRAMCHIN.NS,500038
Bandhan Bank Ltd.,Financial Services,INE545U01014,BANDHANBNK.NS,541153
Bank of Baroda,Financial Services,INE028A01039,BANKBARODA.NS,532134
Bank of India,Financial Services,INE084A01016,BANKINDIA.NS,532149
Bank of Maharashtra,Financial Services,INE457A01014,MAHABANK.NS,532525
Bata India Ltd.,Consumer Durables,INE176A01028,BATAINDIA.NS,500043
Bayer Cropscience Ltd.,Chemicals,INE462A01022,BAYERCROP.NS,506285
Berger Paints India Ltd.,Consumer Durables,INE463A01038,BERGEPAINT.NS,509480
Bharat Dynamics Ltd.,Capital Goods,INE171Z01018,BDL.NS,541143
Bharat Electronics Ltd.,Capital Goods,INE263A01024,BEL.NS,500049
Bharat Forge Ltd.,Capital Goods,INE465A01025,BHARATFORG.NS,500493
Bharat Heavy Electricals Ltd.,Capital Goods,INE257A01026,BHEL.NS,500103
Bharat Petroleum Corporation Ltd.,Oil Gas & Consumable Fuels,INE029A01011,BPCL.NS,500547
Bharti Airtel Ltd.,Telecommunication,INE397D01024,BHARTIARTL.NS,532454
Biocon Ltd.,Healthcare,INE376G01013,BIOCON.NS,532523
Birla Corporation Ltd.,Construction Materials,INE340A01012,BIRLACORPN.NS,500335
Birlasoft Ltd.,Information Technology,INE836A01035,BSOFT.NS,532400
Blue Dart Express Ltd.,Services,INE233B01017,BLUEDART.NS,526612
Blue Star Ltd.,Consumer Durables,INE472A01039,BLUESTARCO.NS,500067
Bombay Burmah Trading Corporation Ltd.,Fast Moving Consumer Goods,INE050A01025,BBTC.NS,501425
Borosil Renewables Ltd.,Capital Goods,INE666D01022,BORORENEW.NS,502219
Bosch Ltd.,Automobile and Auto Components,INE323A01026,BOSCHLTD.NS,500530
Brigade Enterprises Ltd.,Realty,INE791I01019,BRIGADE.NS,532929
Brightcom Group Ltd.,Information Technology,INE425B01027,BCG.NS,532368
Britannia Industries Ltd.,Fast Moving Consumer Goods,INE216A01030,BRITANNIA.NS,500825
C.E. Info Systems Ltd.,Information Technology,INE0BV301023,MAPMYINDIA.NS,543425
CCL Products (I) Ltd.,Fast Moving Consumer Goods,INE421D01022,CCL.NS,519600
CESC Ltd.,Power,INE486A01021,CESC.NS,500084
CG Power and Industrial Solutions Ltd.,Capital Goods,INE067A01029,CGPOWER.NS,500093
CRISIL Ltd.,Financial Services,INE007A01025,CRISIL.NS,500092
CSB Bank Ltd.,Financial Services,INE679A01013,CSBBANK.NS,542867
Can Fin Homes Ltd.,Financial Services,INE477A01020,CANFINHOME.NS,511196
Canara Bank,Financial Services,INE476A01014,CANBK.NS,532483
Caplin Point Laboratories Ltd.,Healthcare,INE475E01026,CAPLIPOINT.NS,524742
Capri Global Capital Ltd.,Financial Services,INE180C01026,CGCL.NS,531595
Carborundum Universal Ltd.,Capital Goods,INE120A01034,CARBORUNIV.NS,513375
Castrol India Ltd.,Oil Gas & Consumable Fuels,INE172A01027,CASTROLIND.NS,500870
Ceat Ltd.,Automobile and Auto Components,INE482A01020,CEATLTD.NS,500878
Central Bank of India,Financial Services,INE483A01010,CENTRALBK.NS,532885
Central Depository Services (India) Ltd.,Financial Services,INE736A01011,CDSL.NS,CDSL
Century Plyboards (India) Ltd.,Consumer Durables,INE348B01021,CENTURYPLY.NS,532548
Century Textile & Industries Ltd.,Forest Materials,INE055A01016,CENTURYTEX.NS,500040
Cera Sanitaryware Ltd,Consumer Durables,INE739E01017,CERA.NS,532443
Chalet Hotels Ltd.,Consumer Services,INE427F01016,CHALET.NS,542399
Chambal Fertilizers & Chemicals Ltd.,Chemicals,INE085A01013,CHAMBLFERT.NS,500085
Chemplast Sanmar Ltd.,Chemicals,INE488A01050,CHEMPLASTS.NS,543336
Cholamandalam Financial Holdings Ltd.,Financial Services,INE149A01033,CHOLAHLDNG.NS,504973
Cholamandalam Investment and Finance Company Ltd.,Financial Services,INE121A01024,CHOLAFIN.NS,511243
Cipla Ltd.,Healthcare,INE059A01026,CIPLA.NS,500087
City Union Bank Ltd.,Financial Services,INE491A01021,CUB.NS,532210
Clean Science and Technology Ltd.,Chemicals,INE227W01023,CLEAN.NS,543318
Coal India Ltd.,Oil Gas & Consumable Fuels,INE522F01014,COALINDIA.NS,533278
Cochin Shipyard Ltd.,Capital Goods,INE704P01017,COCHINSHIP.NS,540678
Coforge Ltd.,Information Technology,INE591G01017,COFORGE.NS,532541
Colgate Palmolive (India) Ltd.,Fast Moving Consumer Goods,INE259A01022,COLPAL.NS,500830
Computer Age Management Services Ltd.,Financial Services,INE596I01012,CAMS.NS,543232
Container Corporation of India Ltd.,Services,INE111A01025,CONCOR.NS,531344
Coromandel International Ltd.,Chemicals,INE169A01031,COROMANDEL.NS,506395
CreditAccess Grameen Ltd.,Financial Services,INE741K01010,CREDITACC.NS,541770
Crompton Greaves Consumer Electricals Ltd.,Consumer Durables,INE299U01018,CROMPTON.NS,539876
Cummins India Ltd.,Capital Goods,INE298A01020,CUMMINSIND.NS,500480
Cyient Ltd.,Information Technology,INE136B01020,CYIENT.NS,532175
DCM Shriram Ltd.,Diversified,INE499A01024,DCMSHRIRAM.NS,523367
DLF Ltd.,Realty,INE271C01023,DLF.NS,532868
Dabur India Ltd.,Fast Moving Consumer Goods,INE016A01026,DABUR.NS,500096
Dalmia Bharat Ltd.,Construction Materials,INE00R701025,DALBHARAT.NS,542216
Deepak Nitrite Ltd.,Chemicals,INE288B01029,DEEPAKNTR.NS,506401
Delta Corp Ltd.,Consumer Services,INE124G01033,DELTACORP.NS,532848
Devyani International Ltd.,Consumer Services,INE872J01023,DEVYANI.NS,543330
Dhani Services Ltd.,Financial Services,INE274G01010,DHANI.NS,532960
Dilip Buildcon Ltd.,Construction,INE917M01012,DBL.NS,540047
Divi's Laboratories Ltd.,Healthcare,INE361B01024,DIVISLAB.NS,532488
Dixon Technologies (India) Ltd.,Consumer Durables,INE935N01020,DIXON.NS,540699
Dr. Lal Path Labs Ltd.,Healthcare,INE600L01024,LALPATHLAB.NS,539524
Dr. Reddy's Laboratories Ltd.,Healthcare,INE089A01023,DRREDDY.NS,500124
E.I.D. Parry (India) Ltd.,Fast Moving Consumer Goods,INE126A01031,EIDPARRY.NS,500125
EIH Ltd.,Consumer Services,INE230A01023,EIHOTEL.NS,500840
EPL Ltd.,Capital Goods,INE255A01020,EPL.NS,500135
Easy Trip Planners Ltd.,Consumer Services,INE07O001018,EASEMYTRIP.NS,543272
Edelweiss Financial Services Ltd.,Financial Services,INE532F01054,EDELWEISS.NS,532922
Eicher Motors Ltd.,Automobile and Auto Components,INE066A01021,EICHERMOT.NS,505200
Elgi Equipments Ltd.,Capital Goods,INE285A01027,ELGIEQUIP.NS,522074
Emami Ltd.,Fast Moving Consumer Goods,INE548C01032,EMAMILTD.NS,531162
Endurance Technologies Ltd.,Automobile and Auto Components,INE913H01037,ENDURANCE.NS,540153
Engineers India Ltd.,Construction,INE510A01028,ENGINERSIN.NS,532178
Equitas Holdings Ltd.,Financial Services,INE988K01017,EQUITAS.NS,539844
Equitas Small Finance Bank Ltd.,Financial Services,INE063P01018,EQUITASBNK.NS,543243
Eris Lifesciences Ltd.,Healthcare,INE406M01024,ERIS.NS,540596
Escorts Ltd.,Capital Goods,INE042A01014,ESCORTS.NS,500495
Exide Industries Ltd.,Automobile and Auto Components,INE302A01020,EXIDEIND.NS,500086
FDC Ltd.,Healthcare,INE258B01022,FDC.NS,531599
FSN E-Commerce Ventures Ltd.,Consumer Services,INE388Y01029,NYKAA.NS,543384
Federal Bank Ltd.,Financial Services,INE171A01029,FEDERALBNK.NS,500469
Fertilisers and Chemicals Travancore Ltd.,Chemicals,INE188A01015,FACT.NS,590024
Fine Organic Industries Ltd.,Chemicals,INE686Y01026,FINEORG.NS,541557
Finolex Cables Ltd.,Capital Goods,INE235A01022,FINCABLES.NS,500144
Finolex Industries Ltd.,Capital Goods,INE183A01024,FINPIPE.NS,500940
Firstsource Solutions Ltd.,Information Technology,INE684F01012,FSL.NS,532809
Fortis Healthcare Ltd.,Healthcare,INE061F01013,FORTIS.NS,532843
G R Infraprojects Ltd.,Construction,INE201P01022,GRINFRA.NS,543317
GAIL (India) Ltd.,Oil Gas & Consumable Fuels,INE129A01019,GAIL.NS,532155
GMM Pfaudler Ltd.,Capital Goods,INE541A01023,GMMPFAUDLR.NS,505255
GMR Infrastructure Ltd.,Services,INE776C01039,GMRINFRA.NS,532754
Galaxy Surfactants Ltd.,Chemicals,INE600K01018,GALAXYSURF.NS,540935
Garware Technical Fibres Ltd.,Textiles,INE276A01018,GARFIBRES.NS,509557
General Insurance Corporation of India,Financial Services,INE481Y01014,GICRE.NS,540755
Gland Pharma Ltd.,Healthcare,INE068V01023,GLAND.NS,543245
Glaxosmithkline Pharmaceuticals Ltd.,Healthcare,INE159A01016,GLAXO.NS,500660
Glenmark Life Sciences Ltd.,Healthcare,INE03Q201024,GLS.NS,543322
Glenmark Pharmaceuticals Ltd.,Healthcare,INE935A01035,GLENMARK.NS,532296
Go Fashion (India) Ltd.,Consumer Services,INE0BJS01011,GOCOLORS.NS,543401
Godfrey Phillips India Ltd.,Fast Moving Consumer Goods,INE260B01028,GODFRYPHLP.NS,500163
Godrej Agrovet Ltd.,Fast Moving Consumer Goods,INE850D01014,GODREJAGRO.NS,540743
Godrej Consumer Products Ltd.,Fast Moving Consumer Goods,INE102D01028,GODREJCP.NS,532424
Godrej Industries Ltd.,Fast Moving Consumer Goods,INE233A01035,GODREJIND.NS,500164
Godrej Properties Ltd.,Realty,INE484J01027,GODREJPROP.NS,533150
Granules India Ltd.,Healthcare,INE101D01020,GRANULES.NS,532482
Graphite India Ltd.,Capital Goods,INE371A01025,GRAPHITE.NS,509488
Grasim Industries Ltd.,Construction Materials,INE047A01021,GRASIM.NS,500300
Great Eastern Shipping Co. Ltd.,Services,INE017A01032,GESHIP.NS,500620
Grindwell Norton Ltd.,Capital Goods,INE536A01023,GRINDWELL.NS,506076
Gujarat Alkalies & Chemicals Ltd.,Chemicals,INE186A01019,GUJALKALI.NS,530001
Gujarat Ambuja Exports Ltd.,Fast Moving Consumer Goods,INE036B01030,GAEL.NS,524226
Gujarat Fluorochemicals Ltd.,Chemicals,INE09N301011,FLUOROCHEM.NS,542812
Gujarat Gas Ltd.,Oil Gas & Consumable Fuels,INE844O01030,GUJGASLTD.NS,539336
Gujarat Narmada Valley Fertilizers and Chemicals Ltd.,Chemicals,INE113A01013,GNFC.NS,500670
Gujarat Pipavav Port Ltd.,Services,INE517F01014,GPPL.NS,533248
Gujarat State Fertilizers & Chemicals Ltd.,Chemicals,INE026A01025,GSFC.NS,500690
Gujarat State Petronet Ltd.,Oil Gas & Consumable Fuels,INE246F01010,GSPL.NS,532702
H.E.G. Ltd.,Capital Goods,INE545A01016,HEG.NS,509631
HCL Technologies Ltd.,Information Technology,INE860A01027,HCLTECH.NS,532281
HDFC Asset Management Company Ltd.,Financial Services,INE127D01025,HDFCAMC.NS,541729
HDFC Bank Ltd.,Financial Services,INE040A01034,HDFCBANK.NS,500180
HDFC Life Insurance Company Ltd.,Financial Services,INE795G01014,HDFCLIFE.NS,540777
HFCL Ltd.,Telecommunication,INE548A01028,HFCL.NS,500183
HLE Glascoat Ltd.,Capital Goods,INE461D01010,HLEGLAS.NS,522215
Happiest Minds Technologies Ltd.,Information Technology,INE419U01012,HAPPSTMNDS.NS,543227
Hathway Cable & Datacom Ltd.,Media Entertainment & Publication,INE982F01036,HATHWAY.NS,533162
Hatsun Agro Product Ltd.,Fast Moving Consumer Goods,INE473B01035,HATSUN.NS,531531
Havells India Ltd.,Consumer Durables,INE176B01034,HAVELLS.NS,517354
Hemisphere Properties India Ltd.,Realty,INE0AJG01018,HEMIPROP.NS,543242
Hero MotoCorp Ltd.,Automobile and Auto Components,INE158A01026,HEROMOTOCO.NS,500182
Hikal Ltd.,Healthcare,INE475B01022,HIKAL.NS,524735
Hindalco Industries Ltd.,Metals & Mining,INE038A01020,HINDALCO.NS,500440
Hinduja Global Solutions Ltd.,Services,INE170I01016,HGS.NS,532859
Hindustan Aeronautics Ltd.,Capital Goods,INE066F01012,HAL.NS,541154
Hindustan Copper Ltd.,Metals & Mining,INE531E01026,HINDCOPPER.NS,513599
Hindustan Petroleum Corporation Ltd.,Oil Gas & Consumable Fuels,INE094A01015,HINDPETRO.NS,500104
Hindustan Unilever Ltd.,Fast Moving Consumer Goods,INE030A01027,HINDUNILVR.NS,500696
Hindustan Zinc Ltd.,Metals & Mining,INE267A01025,HINDZINC.NS,500188
Hitachi Energy India Ltd.,Capital Goods,INE07Y701011,POWERINDIA.NS,543187
Home First Finance Company India Ltd.,Financial Services,INE481N01025,HOMEFIRST.NS,543259
Honeywell Automation India Ltd.,Capital Goods,INE671A01010,HONAUT.NS,517174
Housing & Urban Development Corporation Ltd.,Financial Services,INE031A01017,HUDCO.NS,540530
Housing Development Finance Corporation Ltd.,Financial Services,INE001A01036,HDFC.NS,500010
ICICI Bank Ltd.,Financial Services,INE090A01021,ICICIBANK.NS,532174
ICICI Lombard General Insurance Company Ltd.,Financial Services,INE765G01017,ICICIGI.NS,540716
ICICI Prudential Life Insurance Company Ltd.,Financial Services,INE726G01019,ICICIPRULI.NS,540133
ICICI Securities Ltd.,Financial Services,INE763G01038,ISEC.NS,541179
IDBI Bank Ltd.,Financial Services,INE008A01015,IDBI.NS,500116
IDFC First Bank Ltd.,Financial Services,INE092T01019,IDFCFIRSTB.NS,539437
IDFC Ltd.,Financial Services,INE043D01016,IDFC.NS,532659
IFB Industries Ltd.,Consumer Durables,INE559A01017,IFBIND.NS,505726
IIFL Finance Ltd.,Financial Services,INE530B01024,IIFL.NS,532636
IIFL Wealth Management Ltd.,Financial Services,INE466L01020,IIFLWAM.NS,542772
IRB Infrastructure Developers Ltd.,Construction,INE821I01014,IRB.NS,532947
IRCON International Ltd.,Construction,INE962Y01021,IRCON.NS,541956
ITC Ltd.,Fast Moving Consumer Goods,INE154A01025,ITC.NS,500875
ITI Ltd.,Telecommunication,INE248A01017,ITI.NS,523610
India Cements Ltd.,Construction Materials,INE383A01012,INDIACEM.NS,530005
Indiabulls Housing Finance Ltd.,Financial Services,INE148I01020,IBULHSGFIN.NS,535789
Indiabulls Real Estate Ltd.,Realty,INE069I01010,IBREALEST.NS,532832
Indiamart Intermesh Ltd.,Consumer Services,INE933S01016,INDIAMART.NS,542726
Indian Bank,Financial Services,INE562A01011,INDIANB.NS,532814
Indian Energy Exchange Ltd.,Financial Services,INE022Q01020,IEX.NS,540750
Indian Hotels Co. Ltd.,Consumer Services,INE053A01029,INDHOTEL.NS,500850
Indian Oil Corporation Ltd.,Oil Gas & Consumable Fuels,INE242A01010,IOC.NS,530965
Indian Overseas Bank,Financial Services,INE565A01014,IOB.NS,532388
Indian Railway Catering And Tourism Corporation Ltd.,Consumer Services,INE335Y01020,IRCTC.NS,542830
Indian Railway Finance Corporation Ltd.,Financial Services,INE053F01010,IRFC.NS,543257
Indigo Paints Ltd.,Consumer Durables,INE09VQ01012,INDIGOPNTS.NS,543258
Indo Count Industries Ltd.,Textiles,INE483B01026,ICIL.NS,521016
Indoco Remedies Ltd.,Healthcare,INE873D01024,INDOCO.NS,532612
Indraprastha Gas Ltd.,Oil Gas & Consumable Fuels,INE203G01027,IGL.NS,532514
Indus Towers Ltd.,Telecommunication,INE121J01017,INDUSTOWER.NS,534816
IndusInd Bank Ltd.,Financial Services,INE095A01012,INDUSINDBK.NS,532187
Infibeam Avenues Ltd.,Information Technology,INE483S01020,INFIBEAM.NS,539807
Info Edge (India) Ltd.,Consumer Services,INE663F01024,NAUKRI.NS,532777
Infosys Ltd.,Information Technology,INE009A01021,INFY.NS,500209
Inox Leisure Ltd.,Media Entertainment & Publication,INE312H01016,INOXLEISUR.NS,532706
Intellect Design Arena Ltd.,Information Technology,INE306R01017,INTELLECT.NS,538835
InterGlobe Aviation Ltd.,Services,INE646L01027,INDIGO.NS,539448
Ipca Laboratories Ltd.,Healthcare,INE571A01038,IPCALAB.NS,524494
J.B. Chemicals & Pharmaceuticals Ltd.,Healthcare,INE572A01028,JBCHEPHARM.NS,506943
J.K. Cement Ltd.,Construction Materials,INE823G01014,JKCEMENT.NS,532644
JK Lakshmi Cement Ltd.,Construction Materials,INE786A01032,JKLAKSHMI.NS,500380
JK Paper Ltd.,Forest Materials,INE789E01012,JKPAPER.NS,532162
JM Financial Ltd.,Financial Services,INE780C01023,JMFINANCIL.NS,523405
JSW Energy Ltd.,Power,INE121E01018,JSWENERGY.NS,533148
JSW Steel Ltd.,Metals & Mining,INE019A01038,JSWSTEEL.NS,500228
Jamna Auto Industries Ltd.,Automobile and Auto Components,INE039C01032,JAMNAAUTO.NS,520051
Jindal Stainless (Hisar) Ltd.,Capital Goods,INE455T01018,JSLHISAR.NS,539597
Jindal Stainless Ltd.,Metals & Mining,INE220G01021,JSL.NS,532508
Jindal Steel & Power Ltd.,Metals & Mining,INE749A01030,JINDALSTEL.NS,532286
Jubilant Foodworks Ltd.,Consumer Services,INE797F01020,JUBLFOOD.NS,533155
Jubilant Ingrevia Ltd.,Chemicals,INE0BY001018,JUBLINGREA.NS,543271
Jubilant Pharmova Ltd.,Healthcare,INE700A01033,JUBLPHARMA.NS,530019
Justdial Ltd.,Consumer Services,INE599M01018,JUSTDIAL.NS,535648
Jyothy Labs Ltd.,Fast Moving Consumer Goods,INE668F01031,JYOTHYLAB.NS,532926
K.P.R. Mill Ltd.,Textiles,INE930H01031,KPRMILL.NS,532889
KEI Industries Ltd.,Capital Goods,INE878B01027,KEI.NS,517569
KNR Constructions Ltd.,Construction,INE634I01029,KNRCON.NS,532942
KPIT Technologies Ltd.,Information Technology,INE04I401011,KPITTECH.NS,542651
KRBL Ltd.,Fast Moving Consumer Goods,INE001B01026,KRBL.NS,530813
Kajaria Ceramics Ltd.,Consumer Durables,INE217B01036,KAJARIACER.NS,500233
Kalpataru Power Transmission Ltd.,Construction,INE220B01022,KALPATPOWR.NS,522287
Kalyan Jewellers India Ltd.,Consumer Durables,INE303R01014,KALYANKJIL.NS,543278
Kansai Nerolac Paints Ltd.,Consumer Durables,INE531A01024,KANSAINER.NS,500165
Karur Vysya Bank Ltd.,Financial Services,INE036D01028,KARURVYSYA.NS,590003
Kec International Ltd.,Capital Goods,INE389H01022,KEC.NS,532714
Kotak Mahindra Bank Ltd.,Financial Services,INE237A01028,KOTAKBANK.NS,500247
Krishna Institute of Medical Sciences Ltd.,Healthcare,INE967H01017,KIMS.NS,543308
L&T Finance Holdings Ltd.,Financial Services,INE498L01015,L&TFH.NS,533519
L&T Technology Services Ltd.,Information Technology,INE010V01017,LTTS.NS,540115
LIC Housing Finance Ltd.,Financial Services,INE115A01026,LICHSGFIN.NS,500253
Lakshmi Machine Works Ltd.,Capital Goods,INE269B01029,LAXMIMACH.NS,500252
Larsen & Toubro Infotech Ltd.,Information Technology,INE214T01019,LTI.NS,540005
Larsen & Toubro Ltd.,Construction,INE018A01030,LT.NS,500510
Latent View Analytics Ltd.,Information Technology,INE0I7C01011,LATENTVIEW.NS,543398
Laurus Labs Ltd.,Healthcare,INE947Q01028,LAURUSLABS.NS,540222
Laxmi Organic Industries Ltd.,Chemicals,INE576O01020,LXCHEM.NS,543277
Linde India Ltd.,Chemicals,INE473A01011,LINDEINDIA.NS,523457
Lupin Ltd.,Healthcare,INE326A01037,LUPIN.NS,500257
Lux Industries Ltd.,Textiles,INE150G01020,LUXIND.NS,539542
MMTC Ltd.,Services,INE123F01029,MMTC.NS,513377
MOIL Ltd.,Metals & Mining,INE490G01020,MOIL.NS,533286
MRF Ltd.,Automobile and Auto Components,INE883A01011,MRF.NS,500290
MTAR Technologies Ltd.,Capital Goods,INE864I01014,MTARTECH.NS,543270
Macrotech Developers Ltd.,Realty,INE670K01029,LODHA.NS,543287
Mahanagar Gas Ltd.,Oil Gas & Consumable Fuels,INE002S01010,MGL.NS,539957
Mahindra & Mahindra Financial Services Ltd.,Financial Services,INE774D01024,M&MFIN.NS,532720
Mahindra & Mahindra Ltd.,Automobile and Auto Components,INE101A01026,M&M.NS,500520
Mahindra CIE Automotive Ltd.,Automobile and Auto Components,INE536H01010,MAHINDCIE.NS,532756
Mahindra Holidays & Resorts India Ltd.,Consumer Services,INE998I01010,MHRIL.NS,533088
Mahindra Logistics Ltd.,Services,INE766P01016,MAHLOG.NS,540768
Manappuram Finance Ltd.,Financial Services,INE522D01027,MANAPPURAM.NS,531213
Mangalore Refinery & Petrochemicals Ltd.,Oil Gas & Consumable Fuels,INE103A01014,MRPL.NS,500109
Marico Ltd.,Fast Moving Consumer Goods,INE196A01026,MARICO.NS,531642
Maruti Suzuki India Ltd.,Automobile and Auto Components,INE585B01010,MARUTI.NS,532500
Mastek Ltd.,Information Technology,INE759A01021,MASTEK.NS,523704
Max Financial Services Ltd.,Financial Services,INE180A01020,MFSL.NS,500271
Max Healthcare Institute Ltd.,Healthcare,INE027H01010,MAXHEALTH.NS,543220
Mazagoan Dock Shipbuilders Ltd.,Capital Goods,INE249Z01012,MAZDOCK.NS,543237
Medplus Health Services Ltd.,Consumer Services,INE804L01022,MEDPLUS.NS,543427
Metro Brands Ltd.,Consumer Durables,INE317I01021,METROBRAND.NS,543426
Metropolis Healthcare Ltd.,Healthcare,INE112L01020,METROPOLIS.NS,542650
MindTree Ltd.,Information Technology,INE018I01017,MINDTREE.NS,532819
Minda Industries Ltd.,Automobile and Auto Components,INE405E01023,MINDAIND.NS,532539
Motilal Oswal Financial Services Ltd.,Financial Services,INE338I01027,MOTILALOFS.NS,532892
MphasiS Ltd.,Information Technology,INE356A01018,MPHASIS.NS,526299
Multi Commodity Exchange of India Ltd.,Financial Services,INE745G01035,MCX.NS,534091
Muthoot Finance Ltd.,Financial Services,INE414G01012,MUTHOOTFIN.NS,533398
NATCO Pharma Ltd.,Healthcare,INE987B01026,NATCOPHARM.NS,524816
NBCC (India) Ltd.,Construction,INE095N01031,NBCC.NS,534309
NCC Ltd.,Construction,INE868B01028,NCC.NS,500294
NESCO Ltd.,Services,INE317F01035,NESCO.NS,505355
NHPC Ltd.,Power,INE848E01016,NHPC.NS,533098
NLC India Ltd.,Power,INE589A01014,NLCINDIA.NS,513683
NMDC Ltd.,Metals & Mining,INE584A01023,NMDC.NS,526371
NOCIL Ltd.,Chemicals,INE163A01018,NOCIL.NS,500730
NTPC Ltd.,Power,INE733E01010,NTPC.NS,532555
Narayana Hrudayalaya Ltd.,Healthcare,INE410P01011,NH.NS,539551
National Aluminium Co. Ltd.,Metals & Mining,INE139A01034,NATIONALUM.NS,532234
Navin Fluorine International Ltd.,Chemicals,INE048G01026,NAVINFLUOR.NS,532504
Nazara Technologies Ltd.,Media Entertainment & Publication,INE418L01021,NAZARA.NS,543280
Nestle India Ltd.,Fast Moving Consumer Goods,INE239A01016,NESTLEIND.NS,500790
Network18 Media & Investments Ltd.,Media Entertainment & Publication,INE870H01013,NETWORK18.NS,532798
Nippon Life India Asset Management Ltd.,Financial Services,INE298J01013,NAM-INDIA.NS,540767
Nuvoco Vistas Corporation Ltd.,Construction Materials,INE118D01016,NUVOCO.NS,543334
Oberoi Realty Ltd.,Realty,INE093I01010,OBEROIRLTY.NS,533273
Oil & Natural Gas Corporation Ltd.,Oil Gas & Consumable Fuels,INE213A01029,ONGC.NS,500312
Oil India Ltd.,Oil Gas & Consumable Fuels,INE274J01014,OIL.NS,533106
One 97 Communications Ltd.,Financial Services,INE982J01020,PAYTM.NS,543396
Oracle Financial Services Software Ltd.,Information Technology,INE881D01027,OFSS.NS,532466
Orient Electric Ltd.,Consumer Durables,INE142Z01019,ORIENTELEC.NS,541301
PB Fintech Ltd.,Financial Services,INE417T01026,POLICYBZR.NS,543390
PCBL Ltd.,Chemicals,INE602A01031,PCBL.NS,506590
PI Industries Ltd.,Chemicals,INE603J01030,PIIND.NS,523642
PNB Housing Finance Ltd.,Financial Services,INE572E01012,PNBHOUSING.NS,540173
PNC Infratech Ltd.,Construction,INE195J01029,PNCINFRA.NS,539150
PVR Ltd.,Media Entertainment & Publication,INE191H01014,PVR.NS,532689
Page Industries Ltd.,Textiles,INE761H01022,PAGEIND.NS,532827
Persistent Systems Ltd.,Information Technology,INE262H01013,PERSISTENT.NS,533179
Petronet LNG Ltd.,Oil Gas & Consumable Fuels,INE347G01014,PETRONET.NS,532522
Pfizer Ltd.,Healthcare,INE182A01018,PFIZER.NS,500680
Phoenix Mills Ltd.,Realty,INE211B01039,PHOENIXLTD.NS,503100
Pidilite Industries Ltd.,Chemicals,INE318A01026,PIDILITIND.NS,500331
Piramal Enterprises Ltd.,Financial Services,INE140A01024,PEL.NS,500302
Poly Medicure Ltd.,Healthcare,INE205C01021,POLYMED.NS,531768
Polycab India Ltd.,Capital Goods,INE455K01017,POLYCAB.NS,542652
Polyplex Corporation Ltd.,Capital Goods,INE633B01018,POLYPLEX.NS,524051
Poonawalla Fincorp Ltd.,Financial Services,INE511C01022,POONAWALLA.NS,524000
Power Finance Corporation Ltd.,Financial Services,INE134E01011,PFC.NS,532810
Power Grid Corporation of India Ltd.,Power,INE752E01010,POWERGRID.NS,532898
Praj Industries Ltd.,Capital Goods,INE074A01025,PRAJIND.NS,522205
Prestige Estates Projects Ltd.,Realty,INE811K01011,PRESTIGE.NS,533274
Prince Pipes and Fittings Ltd.,Capital Goods,INE689W01016,PRINCEPIPE.NS,542907
Prism Johnson Ltd.,Construction Materials,INE010A01011,PRSMJOHNSN.NS,500338
Privi Speciality Chemicals Ltd.,Chemicals,INE959A01019,PRIVISCL.NS,530117
Procter & Gamble Health Ltd.,Healthcare,INE199A01012,PGHL.NS,500126
Procter & Gamble Hygiene & Health Care Ltd.,Fast Moving Consumer Goods,INE179A01014,PGHH.NS,500459
Punjab National Bank,Financial Services,INE160A01022,PNB.NS,532461
Quess Corp Ltd.,Services,INE615P01015,QUESS.NS,539978
RBL Bank Ltd.,Financial Services,INE976G01028,RBLBANK.NS,540065
REC Ltd.,Financial Services,INE020B01018,RECLTD.NS,532955
RHI MAGNESITA INDIA LTD.,Capital Goods,INE743M01012,RHIM.NS,534076
RITES Ltd.,Construction,INE320J01015,RITES.NS,541556
Radico Khaitan Ltd,Fast Moving Consumer Goods,INE944F01028,RADICO.NS,532497
Rail Vikas Nigam Ltd.,Construction,INE415G01027,RVNL.NS,542649
Railtel Corporation Of India Ltd.,Telecommunication,INE0DD101019,RAILTEL.NS,543265
Rain Industries Ltd,Chemicals,INE855B01025,RAIN.NS,500339
Rajesh Exports Ltd.,Consumer Durables,INE343B01030,RAJESHEXPO.NS,531500
Rallis India Ltd.,Chemicals,INE613A01020,RALLIS.NS,500355
Rashtriya Chemicals & Fertilizers Ltd.,Chemicals,INE027A01015,RCF.NS,524230
Ratnamani Metals & Tubes Ltd.,Capital Goods,INE703B01027,RATNAMANI.NS,520111
RattanIndia Enterprises Ltd.,Services,INE834M01019,RTNINDIA.NS,534597
Redington (India) Ltd.,Services,INE891D01026,REDINGTON.NS,532805
Relaxo Footwears Ltd.,Consumer Durables,INE131B01039,RELAXO.NS,530517
Reliance Industries Ltd.,Oil Gas & Consumable Fuels,INE002A01018,RELIANCE.NS,500325
Restaurant Brands Asia Ltd.,Consumer Services,INE07T201019,RBA.NS,543248
Rossari Biotech Ltd.,Chemicals,INE02A801020,ROSSARI.NS,543213
Route Mobile Ltd.,Telecommunication,INE450U01017,ROUTE.NS,543228
SBI Cards and Payment Services Ltd.,Financial Services,INE018E01016,SBICARD.NS,543066
SBI Life Insurance Company Ltd.,Financial Services,INE123W01016,SBILIFE.NS,540719
SIS Ltd.,Services,INE285J01028,SIS.NS,540673
SJVN Ltd.,Power,INE002L01015,SJVN.NS,533206
SKF India Ltd.,Capital Goods,INE640A01023,SKFINDIA.NS,500472
SRF Ltd.,Chemicals,INE647A01010,SRF.NS,503806
Sanofi India Ltd.,Healthcare,INE058A01010,SANOFI.NS,500674
Sapphire Foods India Ltd.,Consumer Services,INE806T01012,SAPPHIRE.NS,543397
Saregama India Ltd,Media Entertainment & Publication,INE979A01025,SAREGAMA.NS,532163
Schaeffler India Ltd.,Automobile and Auto Components,INE513A01022,SCHAEFFLER.NS,505790
Sequent Scientific Ltd.,Healthcare,INE807F01027,SEQUENT.NS,512529
Sheela Foam Ltd.,Consumer Durables,INE916U01025,SFL.NS,540203
Shilpa Medicare Ltd.,Healthcare,INE790G01031,SHILPAMED.NS,530549
Shipping Corporation of India Ltd.,Services,INE109A01011,SCI.NS,523598
Shree Cement Ltd.,Construction Materials,INE070A01015,SHREECEM.NS,500387
Shree Renuka Sugars Ltd.,Fast Moving Consumer Goods,INE087H01022,RENUKA.NS,532670
Shriram City Union Finance Ltd.,Financial Services,INE722A01011,SHRIRAMCIT.NS,532498
Shriram Transport Finance Co. Ltd.,Financial Services,INE721A01013,SRTRANSFIN.NS,511218
Shyam Metalics and Energy Ltd.,Metals & Mining,INE810G01011,SHYAMMETL.NS,543299
Siemens Ltd.,Capital Goods,INE003A01024,SIEMENS.NS,500550
Sobha Ltd.,Realty,INE671H01015,SOBHA.NS,532784
Solar Industries India Ltd.,Chemicals,INE343H01029,SOLARINDS.NS,532725
Solara Active Pharma Sciences Ltd.,Healthcare,INE624Z01016,SOLARA.NS,541540
Sona BLW Precision Forgings Ltd.,Automobile and Auto Components,INE073K01018,SONACOMS.NS,543300
Sonata Software Ltd.,Information Technology,INE269A01021,SONATSOFTW.NS,532221
Spicejet Ltd.,Services,INE285B01017,SPICEJET.NS,500285
Star Health and Allied Insurance Company Ltd.,Financial Services,INE575P01011,STARHEALTH.NS,543412
State Bank of India,Financial Services,INE062A01020,SBIN.NS,500112
Steel Authority of India Ltd.,Metals & Mining,INE114A01011,SAIL.NS,500113
Sterling and Wilson Renewable Energy Ltd.,Construction,INE00M201021,SWSOLAR.NS,542760
Sterlite Technologies Ltd.,Telecommunication,INE089C01029,STLTECH.NS,532374
Strides Pharma Science Ltd.,Healthcare,INE939A01011,STAR.NS,532531
Sudarshan Chemical Industries Ltd.,Chemicals,INE659A01023,SUDARSCHEM.NS,506655
Sumitomo Chemical India Ltd.,Chemicals,INE258G01013,SUMICHEM.NS,542920
Sun Pharma Advanced Research Company Ltd.,Healthcare,INE232I01014,SPARC.NS,532872
Sun Pharmaceutical Industries Ltd.,Healthcare,INE044A01036,SUNPHARMA.NS,524715
Sun TV Network Ltd.,Media Entertainment & Publication,INE424H01027,SUNTV.NS,532733
Sundaram Finance Ltd.,Financial Services,INE660A01013,SUNDARMFIN.NS,590071
Sundram Fasteners Ltd.,Automobile and Auto Components,INE387A01021,SUNDRMFAST.NS,500403
Sunteck Realty Ltd.,Realty,INE805D01034,SUNTECK.NS,512179
Suprajit Engineering Ltd.,Automobile and Auto Components,INE399C01030,SUPRAJIT.NS,532509
Supreme Industries Ltd.,Capital Goods,INE195A01028,SUPREMEIND.NS,509930
Suven Pharmaceuticals Ltd.,Healthcare,INE03QK01018,SUVENPHAR.NS,543064
Suzlon Energy Ltd.,Capital Goods,INE040H01021,SUZLON.NS,532667
Symphony Ltd.,Consumer Durables,INE225D01027,SYMPHONY.NS,517385
Syngene International Ltd.,Healthcare,INE398R01022,SYNGENE.NS,539268
TCI Express Ltd.,Services,INE586V01016,TCIEXP.NS,540212
TCNS Clothing Co. Ltd.,Textiles,INE778U01029,TCNSBRANDS.NS,541700
TTK Prestige Ltd.,Consumer Durables,INE690A01028,TTKPRESTIG.NS,517506
TV18 Broadcast Ltd.,Media Entertainment & Publication,INE886H01027,TV18BRDCST.NS,532800
TVS Motor Company Ltd.,Automobile and Auto Components,INE494B01023,TVSMOTOR.NS,532343
Tanla Platforms Ltd.,Information Technology,INE483C01032,TANLA.NS,532790
Tata Chemicals Ltd.,Chemicals,INE092A01019,TATACHEM.NS,500770
Tata Coffee Ltd.,Fast Moving Consumer Goods,INE493A01027,TATACOFFEE.NS,532301
Tata Communications Ltd.,Telecommunication,INE151A01013,TATACOMM.NS,500483
Tata Consultancy Services Ltd.,Information Technology,INE467B01029,TCS.NS,532540
Tata Consumer Products Ltd.,Fast Moving Consumer Goods,INE192A01025,TATACONSUM.NS,500800
Tata Elxsi Ltd.,Information Technology,INE670A01012,TATAELXSI.NS,500408
Tata Investment Corporation Ltd.,Financial Services,INE672A01018,TATAINVEST.NS,501301
Tata Motors Ltd DVR,Automobile and Auto Components,IN9155A01020,TATAMTRDVR.NS,570001
Tata Motors Ltd.,Automobile and Auto Components,INE155A01022,TATAMOTORS.NS,500570
Tata Power Co. Ltd.,Power,INE245A01021,TATAPOWER.NS,500400
Tata Steel Long Products Ltd.,Capital Goods,INE674A01014,TATASTLLP.NS,513010
Tata Steel Ltd.,Metals & Mining,INE081A01012,TATASTEEL.NS,500470
Tata Teleservices (Maharashtra) Ltd.,Telecommunication,INE517B01013,TTML.NS,532371
Teamlease Services Ltd.,Services,INE985S01024,TEAMLEASE.NS,539658
Tech Mahindra Ltd.,Information Technology,INE669C01036,TECHM.NS,532755
The New India Assurance Company Ltd.,Financial Services,INE470Y01017,NIACL.NS,540769
The Ramco Cements Ltd.,Construction Materials,INE331A01037,RAMCOCEM.NS,500260
Thermax Ltd.,Capital Goods,INE152A01029,THERMAX.NS,500411
Thyrocare Technologies Ltd.,Healthcare,INE594H01019,THYROCARE.NS,539871
Timken India Ltd.,Capital Goods,INE325A01013,TIMKEN.NS,522113
Titan Company Ltd.,Consumer Durables,INE280A01028,TITAN.NS,500114
Torrent Pharmaceuticals Ltd.,Healthcare,INE685A01028,TORNTPHARM.NS,500420
Torrent Power Ltd.,Power,INE813H01021,TORNTPOWER.NS,532779
Trent Ltd.,Consumer Services,INE849A01020,TRENT.NS,500251
Trident Ltd.,Textiles,INE064C01022,TRIDENT.NS,521064
Triveni Turbine Ltd.,Capital Goods,INE152M01016,TRITURBINE.NS,533655
Tube Investments of India Ltd.,Automobile and Auto Components,INE974X01010,TIINDIA.NS,540762
UCO Bank,Financial Services,INE691A01018,UCOBANK.NS,532505
UFLEX Ltd.,Capital Goods,INE516A01017,UFLEX.NS,500148
UPL Ltd.,Chemicals,INE628A01036,UPL.NS,512070
UTI Asset Management Company Ltd.,Financial Services,INE094J01016,UTIAMC.NS,543238
UltraTech Cement Ltd.,Construction Materials,INE481G01011,ULTRACEMCO.NS,532538
Union Bank of India,Financial Services,INE692A01016,UNIONBANK.NS,532477
United Breweries Ltd.,Fast Moving Consumer Goods,INE686F01025,UBL.NS,532478
United Spirits Ltd.,Fast Moving Consumer Goods,INE854D01024,MCDOWELL-N.NS,532432
V-Guard Industries Ltd.,Consumer Durables,INE951I01027,VGUARD.NS,532953
V-Mart Retail Ltd.,Consumer Services,INE665J01013,VMART.NS,534976
V.I.P. Industries Ltd.,Consumer Durables,INE054A01027,VIPIND.NS,507880
Vaibhav Global Ltd.,Consumer Services,INE884A01027,VAIBHAVGBL.NS,532156
Vakrangee Ltd.,Information Technology,INE051B01021,VAKRANGEE.NS,511431
Vardhman Textiles Ltd.,Textiles,INE825A01020,VTL.NS,502986
Varroc Engineering Ltd.,Automobile and Auto Components,INE665L01035,VARROC.NS,541578
Varun Beverages Ltd.,Fast Moving Consumer Goods,INE200M01013,VBL.NS,540180
Vedanta Ltd.,Metals & Mining,INE205A01025,VEDL.NS,500295
Venky's (India) Ltd.,Fast Moving Consumer Goods,INE398A01010,VENKEYS.NS,523261
Vijaya Diagnostic Centre Ltd.,Healthcare,INE043W01024,VIJAYA.NS,543350
Vinati Organics Ltd.,Chemicals,INE410B01037,VINATIORGA.NS,524200
Vodafone Idea Ltd.,Telecommunication,INE669E01016,IDEA.NS,532822
Voltas Ltd.,Consumer Durables,INE226A01021,VOLTAS.NS,500575
Welspun Corp Ltd.,Capital Goods,INE191B01025,WELCORP.NS,532144
Welspun India Ltd.,Textiles,INE192B01031,WELSPUNIND.NS,514162
Westlife Development Ltd.,Consumer Services,INE274F01020,WESTLIFE.NS,505533
Whirlpool of India Ltd.,Consumer Durables,INE716A01013,WHIRLPOOL.NS,500238
Wipro Ltd.,Information Technology,INE075A01022,WIPRO.NS,507685
Wockhardt Ltd.,Healthcare,INE049B01025,WOCKPHARMA.NS,532300
Yes Bank Ltd.,Financial Services,INE528G01035,YESBANK.NS,532648
ZF Commercial Vehicle Control Systems India Ltd.,Automobile and Auto Components,INE342J01019,ZFCVINDIA.NS,533023
Zee Entertainment Enterprises Ltd.,Media Entertainment & Publication,INE256A01028,ZEEL.NS,505537
Zensar Technolgies Ltd.,Information Technology,INE520A01027,ZENSARTECH.NS,504067
Zomato Ltd.,Consumer Services,INE758T01015,ZOMATO.NS,543320
Zydus Lifesciences Ltd.,Healthcare,INE010B01027,ZYDUSLIFE.NS,532321
Zydus Wellness Ltd.,Fast Moving Consumer Goods,INE768C01010,ZYDUSWELL.NS,531335
eClerx Services Ltd.,Services,INE738I01010,ECLERX.NS,532927